"Rank","Tier","WSID","Overall","Team","Pos","Bye","Best","Worst","Avg","Std Dev","ADP","vs. ADP"
"1","1","","Saquon Barkley","NYG","RB1","11","1","7","1.5","0.8","1.0","0.0"
"2","1","","Alvin Kamara","NO","RB2","9","1","11","2.6","1.0","2.0","0.0"
"3","1","","Christian McCaffrey","CAR","RB3","7","1","12","2.8","1.2","3.0","0.0"
"4","1","","Ezekiel Elliott","DAL","RB4","8","1","47","6.3","6.3","4.0","0.0"
"5","1","","David Johnson","ARI","RB5","12","1","36","7.1","4.6","6.0","+1.0"
"6","2","","Nick Chubb","CLE","RB6","7","1","22","7.7","4.1","10.0","+4.0"
"7","2","","DeAndre Hopkins","HOU","WR1","10","4","21","8.6","2.3","5.0","-2.0"
"8","2","","James Conner","PIT","RB7","7","2","57","9.6","5.2","7.0","-1.0"
"9","2","","Davante Adams","GB","WR2","11","5","24","10.5","2.8","9.0","0.0"
"10","2","","Julio Jones","ATL","WR3","9","5","29","12.0","3.2","14.0","+4.0"
"11","2","","Le'Veon Bell","NYJ","RB8","4","2","40","12.0","6.3","8.0","-3.0"
"12","2","","Odell Beckham Jr.","CLE","WR4","7","5","21","13.3","3.7","18.0","+6.0"
"13","2","","Joe Mixon","CIN","RB9","9","5","35","14.2","6.2","16.0","+3.0"
"14","2","","Dalvin Cook","MIN","RB10","12","4","39","15.1","5.7","17.0","+3.0"
"15","2","","Tyreek Hill","KC","WR5","12","7","27","15.3","4.6","15.0","0.0"
"16","2","","Travis Kelce","KC","TE1","12","7","37","15.4","2.8","20.0","+4.0"
"17","3","","JuJu Smith-Schuster","PIT","WR6","7","6","31","16.4","4.4","19.0","+2.0"
"18","3","","Todd Gurley","LAR","RB11","9","2","64","16.5","9.3","11.0","-7.0"
"19","3","","Michael Thomas","NO","WR7","9","8","37","17.9","4.0","12.0","-7.0"
"20","3","","Mike Evans","TB","WR8","7","10","31","20.1","3.3","21.0","+1.0"
"21","3","","Keenan Allen","LAC","WR9","12","17","44","25.7","4.0","27.0","+6.0"
"22","4","","Antonio Brown","OAK","WR10","6","16","50","27.1","6.2","23.0","+1.0"
"23","4","","Aaron Jones","GB","RB12","11","6","63","27.1","9.9","28.0","+5.0"
"24","4","","Kerryon Johnson","DET","RB13","5","12","55","29.0","8.1","26.0","+2.0"
"25","4","","Chris Carson","SEA","RB14","11","11","72","29.5","9.9","34.0","+9.0"
"26","4","","Damien Williams","KC","RB15","12","6","68","30.0","11.0","24.0","-2.0"
"27","4","","Leonard Fournette","JAC","RB16","10","11","57","30.1","8.6","22.0","-5.0"
"28","4","","Adam Thielen","MIN","WR11","12","19","64","31.1","6.2","25.0","-3.0"
"29","4","","Amari Cooper","DAL","WR12","8","21","60","31.8","6.4","32.0","+3.0"
"30","4","","Derrick Henry","TEN","RB17","11","6","72","32.4","11.2","36.0","+6.0"
"31","4","","Devonta Freeman","ATL","RB18","9","7","60","32.4","8.7","31.0","0.0"
"32","4","","Brandin Cooks","LAR","WR13","9","20","67","33.1","6.7","39.0","+7.0"
"33","4","","George Kittle","SF","TE2","4","17","101","33.3","7.4","29.0","-4.0"
"34","4","","Patrick Mahomes","KC","QB1","12","14","65","35.3","9.3","13.0","-21.0"
"35","4","","Stefon Diggs","MIN","WR14","12","22","54","35.4","6.7","35.0","0.0"
"36","4","","Sony Michel","NE","RB19","10","14","70","35.9","9.6","47.0","+11.0"
"37","4","","Zach Ertz","PHI","TE3","10","19","67","36.1","8.6","30.0","-7.0"
"38","4","","Robert Woods","LAR","WR15","9","23","70","37.5","8.3","43.0","+5.0"
"39","4","","Josh Jacobs","OAK","RB20","6","14","139","40.3","9.1","33.0","-6.0"
"40","5","","Chris Godwin","TB","WR16","7","21","77","42.0","8.5","49.0","+9.0"
"41","5","","Melvin Gordon","LAC","RB21","12","5","148","42.9","18.6","37.0","-4.0"
"42","5","","Tyler Lockett","SEA","WR17","11","24","78","43.6","11.8","50.0","+8.0"
"43","5","","David Montgomery","CHI","RB22","6","9","201","44.0","13.5","42.0","-1.0"
"44","5","","Mark Ingram","BAL","RB23","8","14","82","44.1","10.6","45.0","+1.0"
"45","5","","Julian Edelman","NE","WR18","10","21","85","44.1","8.4","44.0","-1.0"
"46","5","","Kenny Golladay","DET","WR19","5","29","105","45.7","8.6","48.0","+2.0"
"47","5","","Marlon Mack","IND","RB24","6","36","75","46.4","8.8","38.0","-9.0"
"48","5","","O.J. Howard","TB","TE4","7","23","89","51.9","7.7","55.0","+7.0"
"49","5","","Deshaun Watson","HOU","QB2","10","26","83","52.5","8.9","40.0","-9.0"
"50","5","","Cooper Kupp","LAR","WR20","9","27","101","53.1","12.3","51.0","+1.0"
"51","5","","Phillip Lindsay","DEN","RB25","10","28","84","54.3","9.5","52.0","+1.0"
"52","5","","Tevin Coleman","SF","RB26","4","35","102","56.5","10.6","54.0","+2.0"
"53","5","","T.Y. Hilton","IND","WR21","6","46","102","57.4","12.6","41.0","-12.0"
"54","5","","Mike Williams","LAC","WR22","12","30","91","58.6","11.6","59.0","+5.0"
"55","5","","Aaron Rodgers","GB","QB3","11","32","92","59.2","9.8","46.0","-9.0"
"56","5","","Tyler Boyd","CIN","WR23","9","31","107","60.1","12.5","56.0","0.0"
"57","6","","Calvin Ridley","ATL","WR24","9","31","96","61.6","11.8","53.0","-4.0"
"58","6","","D.J. Moore","CAR","WR25","7","33","133","63.2","13.7","67.0","+9.0"
"59","6","","Evan Engram","NYG","TE5","11","37","131","63.3","13.4","60.0","+1.0"
"60","6","","Duke Johnson","HOU","RB27","10","39","109","63.3","14.8","79.0","+19.0"
"61","6","","Alshon Jeffery","PHI","WR26","10","41","95","63.5","11.9","63.0","+2.0"
"62","6","","Allen Robinson","CHI","WR27","6","30","121","64.5","14.3","77.0","+15.0"
"63","6","","Hunter Henry","LAC","TE6","12","26","142","64.8","15.4","65.0","+2.0"
"64","6","","Robby Anderson","NYJ","WR28","4","33","121","67.4","14.1","73.0","+9.0"
"65","6","","Latavius Murray","NO","RB28","9","22","143","68.1","14.1","81.0","+16.0"
"66","6","","James White","NE","RB29","10","45","127","68.3","11.9","61.0","-5.0"
"67","6","","Miles Sanders","PHI","RB30","10","42","227","69.2","23.2","68.0","+1.0"
"68","6","","Baker Mayfield","CLE","QB4","7","47","120","71.0","11.8","58.0","-10.0"
"69","6","","Josh Gordon","NE","WR29","10","45","134","71.8","20.2","70.0","+1.0"
"70","6","","Matt Ryan","ATL","QB5","9","25","121","74.2","15.0","62.0","-8.0"
"71","6","","A.J. Green","CIN","WR30","9","43","119","75.3","19.1","57.0","-14.0"
"72","6","","Austin Ekeler","LAC","RB31","12","47","185","75.9","18.5","66.0","-6.0"
"73","6","","Kenyan Drake","MIA","RB32","5","17","210","76.7","20.3","74.0","+1.0"
"74","6","","Derrius Guice","WAS","RB33","10","27","129","76.9","17.2","71.0","-3.0"
"75","6","","Tarik Cohen","CHI","RB34","6","40","140","80.0","17.4","69.0","-6.0"
"76","6","","Jarvis Landry","CLE","WR31","7","34","134","81.2","14.0","64.0","-12.0"
"77","6","","Rashaad Penny","SEA","RB35","11","45","199","82.1","19.9","96.0","+19.0"
"78","6","","Will Fuller","HOU","WR32","10","44","168","82.3","15.1","78.0","0.0"
"79","6","","Carson Wentz","PHI","QB6","10","54","163","82.7","14.4","76.0","-3.0"
"80","6","","Sammy Watkins","KC","WR33","12","42","151","83.7","14.8","86.0","+6.0"
"81","7","","Royce Freeman","DEN","RB36","10","40","158","83.9","18.2","106.0","+25.0"
"82","7","","Curtis Samuel","CAR","WR34","7","52","163","84.0","15.3","97.0","+15.0"
"83","7","","Cam Newton","CAR","QB7","7","32","149","85.5","14.3","87.0","+4.0"
"84","7","","Marvin Jones","DET","WR35","5","60","158","86.4","12.9","91.0","+7.0"
"85","7","","Jared Cook","NO","TE7","9","16","145","87.5","16.9","72.0","-13.0"
"86","7","","Russell Wilson","SEA","QB8","11","42","138","87.9","16.7","82.0","-4.0"
"87","7","","Christian Kirk","ARI","WR36","12","54","137","88.5","12.0","85.0","-2.0"
"88","7","","Jordan Howard","PHI","RB37","10","51","179","90.0","23.7","83.0","-5.0"
"89","7","","Corey Davis","TEN","WR37","11","44","137","90.7","14.6","94.0","+5.0"
"90","7","","Dante Pettis","SF","WR38","4","49","154","95.3","18.3","101.0","+11.0"
"91","7","","Dede Westbrook","JAC","WR39","10","41","151","95.6","17.2","84.0","-7.0"
"92","7","","Drew Brees","NO","QB9","9","32","164","95.8","16.4","75.0","-17.0"
"93","7","","Matt Breida","SF","RB38","4","55","223","96.5","31.5","110.0","+17.0"
"94","7","","Jared Goff","LAR","QB10","9","56","138","97.3","14.6","80.0","-14.0"
"95","7","","Sterling Shepard","NYG","WR40","11","63","145","97.4","14.0","92.0","-3.0"
"96","7","","Vance McDonald","PIT","TE8","7","60","164","98.5","19.6","88.0","-8.0"
"97","7","","David Njoku","CLE","TE9","7","56","160","98.7","20.9","98.0","+1.0"
"98","7","","Jameis Winston","TB","QB11","7","50","147","100.5","16.3","103.0","+5.0"
"99","7","","Darrell Henderson","LAR","RB39","9","39","240","101.5","26.0","93.0","-6.0"
"100","7","","Kalen Ballage","MIA","RB40","5","55","194","102.2","23.8","117.0","+17.0"
"101","7","","LeSean McCoy","BUF","RB41","6","47","201","103.6","28.1","102.0","+1.0"
"102","7","","Courtland Sutton","DEN","WR41","10","61","155","105.6","16.0","111.0","+9.0"
"103","7","","Kyler Murray","ARI","QB12","12","56","224","106.8","23.5","107.0","+4.0"
"104","7","","Larry Fitzgerald","ARI","WR42","12","71","154","107.0","15.1","100.0","-4.0"
"105","7","","Peyton Barber","TB","RB42","7","55","205","108.6","25.9","108.0","+3.0"
"106","7","","Lamar Jackson","BAL","QB13","8","55","215","111.2","23.4","109.0","+3.0"
"107","7","","Geronimo Allison","GB","WR43","11","67","164","111.9","17.0","120.0","+13.0"
"108","7","","Ben Roethlisberger","PIT","QB14","7","64","168","111.9","19.2","99.0","-9.0"
"109","7","","Dak Prescott","DAL","QB15","8","59","227","113.8","19.3","122.0","+13.0"
"110","8","","DeSean Jackson","PHI","WR44","10","71","176","114.7","16.5","124.0","+14.0"
"111","8","","Adrian Peterson","WAS","RB43","10","55","199","112.4","27.2","119.0","+8.0"
"112","8","","Marquez Valdes-Scantling","GB","WR45","11","67","218","116.1","19.8","113.0","+1.0"
"113","8","","Emmanuel Sanders","DEN","WR46","10","53","233","119.5","28.2","95.0","-18.0"
"114","8","","Anthony Miller","CHI","WR47","6","75","229","119.7","23.9","139.0","+25.0"
"115","8","","Michael Gallup","DAL","WR48","8","74","231","121.0","21.2","140.0","+25.0"
"116","8","","Philip Rivers","LAC","QB16","12","71","174","123.3","18.0","115.0","-1.0"
"117","8","","Austin Hooper","ATL","TE10","9","60","211","124.9","21.9","127.0","+10.0"
"118","8","","Donte Moncrief","PIT","WR49","7","50","229","126.5","26.0","132.0","+14.0"
"119","8","","John Brown","BUF","WR50","6","58","194","127.5","19.2","147.0","+28.0"
"120","8","","Dion Lewis","TEN","RB44","11","69","267","127.8","25.8","129.0","+9.0"
"121","8","","Tom Brady","NE","QB17","10","80","176","130.8","19.1","104.0","-17.0"
"122","8","","Ronald Jones II","TB","RB45","7","68","327","124.4","34.8","138.0","+16.0"
"123","8","","Mitch Trubisky","CHI","QB18","6","66","215","133.5","24.3","145.0","+22.0"
"124","8","","Kirk Cousins","MIN","QB19","12","74","193","132.8","22.3","133.0","+9.0"
"125","8","","Delanie Walker","TEN","TE11","11","77","302","136.6","30.0","114.0","-11.0"
"126","8","","Keke Coutee","HOU","WR51","10","85","186","132.3","19.6","155.0","+29.0"
"127","8","","Tyrell Williams","OAK","WR52","6","71","264","135.9","31.5","135.0","+8.0"
"128","8","","Justin Jackson","LAC","RB46","12","67","309","136.1","42.8","150.0","+22.0"
"129","8","","Justice Hill","BAL","RB47","8","58","257","141.5","40.2","157.0","+28.0"
"130","8","","Devin Singletary","BUF","RB48","6","43","290","135.3","36.2","134.0","+4.0"
"131","8","","Trey Burton","CHI","TE12","6","79","235","141.9","29.3","146.0","+15.0"
"132","8","","James Washington","PIT","WR53","7","91","267","142.9","33.2","118.0","-14.0"
"133","8","","Jamison Crowder","NYJ","WR54","4","95","224","140.4","24.4","170.0","+37.0"
"134","8","","Josh Allen","BUF","QB20","6","81","243","139.3","26.2","161.0","+27.0"
"135","8","","Jaylen Samuels","PIT","RB49","7","71","284","143.0","38.6","131.0","-4.0"
"136","8","","Kenny Stills","MIA","WR55","5","66","242","144.0","27.2","179.0","+43.0"
"137","8","","Golden Tate","NYG","WR56","11","87","238","144.0","29.0","149.0","+12.0"
"138","8","","Mark Andrews","BAL","TE13","8","89","297","144.2","40.4","143.0","+5.0"
"139","8","","Damien Harris","NE","RB50","10","76","378","144.9","45.2","154.0","+15.0"
"140","8","","Darwin Thompson","KC","RB51","12","45","294","132.2","48.4","121.0","-19.0"
"141","8","","Eric Ebron","IND","TE14","6","121","237","157.9","29.7","90.0","-51.0"
"142","9","","Jimmy Garoppolo","SF","QB21","4","85","206","152.6","24.5","153.0","+11.0"
"143","9","","D.K. Metcalf","SEA","WR57","11","77","294","157.0","33.5","148.0","+5.0"
"144","9","","C.J. Anderson","DET","RB52","5","94","271","151.4","30.8","180.0","+36.0"
"145","9","","Ito Smith","ATL","RB53","9","84","265","150.1","39.6","166.0","+21.0"
"146","9","","Tony Pollard","DAL","RB54","8","68","405","143.7","49.6","128.0","-18.0"
"147","9","","Marquise Goodwin","SF","WR58","4","93","261","157.3","37.4","183.0","+36.0"
"148","9","","Kareem Hunt","CLE","RB55","7","76","377","161.1","44.3","105.0","-43.0"
"149","9","","Sam Darnold","NYJ","QB22","4","88","248","161.5","28.4","177.0","+28.0"
"150","9","","Tre'Quan Smith","NO","WR59","9","86","267","163.3","27.6","189.0","+39.0"
"151","9","","DaeSean Hamilton","DEN","WR60","10","107","273","164.6","30.6","201.0","+50.0"
"152","9","","Mohamed Sanu","ATL","WR61","9","93","264","170.7","34.4","175.0","+23.0"
"153","9","","Greg Olsen","CAR","TE15","7","76","325","169.2","43.6","144.0","-9.0"
"154","9","","Alexander Mattison","MIN","RB56","12","94","321","159.9","40.7","151.0","-3.0"
"155","9","","Jimmy Graham","GB","TE16","11","60","293","183.7","46.0","162.0","+7.0"
"156","9","","Jacoby Brissett","IND","QB23","6","112","247","186.1","27.7","223.0","+67.0"
"157","9","","Kyle Rudolph","MIN","TE17","12","109","274","178.6","37.2","181.0","+24.0"
"158","9","","Matthew Stafford","DET","QB24","5","105","269","172.9","27.2","178.0","+20.0"
"159","9","","N'Keal Harry","NE","WR62","10","63","280","173.7","47.8","142.0","-17.0"
"160","9","","Albert Wilson","MIA","WR63","5","110","285","173.9","35.7","254.0","+94.0"
"161","9","","Jordan Reed","WAS","TE18","10","80","297","181.4","42.6","158.0","-3.0"
"162","9","","Mike Davis","CHI","RB57","6","71","288","164.9","32.2","232.0","+70.0"
"163","9","","Deebo Samuel","SF","WR64","4","94","267","178.8","37.6","173.0","+10.0"
"164","9","","Chris Thompson","WAS","RB58","10","115","310","172.8","37.7","195.0","+31.0"
"165","9","","Nyheim Hines","IND","RB59","6","161","346","196.8","39.7","185.0","+20.0"
"166","9","","Derek Carr","OAK","QB25","6","113","265","180.9","27.7","174.0","+8.0"
"167","9","","Devin Funchess","IND","WR65","6","161","289","189.8","32.0","184.0","+17.0"
"168","9","","Adam Humphries","TEN","WR66","11","98","267","184.3","33.0","224.0","+56.0"
"169","9","","Chicago (CHI)","","DST1","6","95","279","160.8","25.1","89.0","-80.0"
"170","9","","Giovani Bernard","CIN","RB60","9","122","296","180.9","36.6","197.0","+27.0"
"171","9","","Los Angeles (LAR)","","DST2","9","105","281","169.8","20.1","112.0","-59.0"
"172","9","","Jamaal Williams","GB","RB61","11","101","276","170.1","36.3","199.0","+27.0"
"173","9","","Chris Herndon IV","NYJ","TE19","4","107","291","188.7","48.1","216.0","+43.0"
"174","9","","Jacksonville (JAC)","","DST3","10","127","280","170.6","24.6","126.0","-48.0"
"175","9","","T.J. Hockenson","DET","TE20","5","79","274","195.3","48.3","136.0","-39.0"
"176","9","","Baltimore (BAL)","","DST4","8","112","290","174.8","26.3","130.0","-46.0"
"177","10","","Quincy Enunwa","NYJ","WR67","4","114","266","191.5","32.4","264.0","+87.0"
"178","10","","Devante Parker","MIA","WR68","5","102","287","185.7","36.3","228.0","+50.0"
"179","10","","Minnesota (MIN)","","DST5","12","122","283","174.4","21.9","125.0","-54.0"
"180","10","","Los Angeles (LAC)","","DST6","12","135","367","175.7","29.7","141.0","-39.0"
"181","10","","Malcolm Brown","LAR","RB62","9","101","408","176.6","46.8","208.0","+27.0"
"182","10","","Chase Edmonds","ARI","RB63","12","98","329","190.5","45.9","235.0","+53.0"
"183","10","","Andy Dalton","CIN","QB26","9","94","292","194.4","25.4","271.0","+88.0"
"184","10","","Carlos Hyde","KC","RB64","12","63","447","179.5","57.0","164.0","-20.0"
"185","10","","Houston (HOU)","","DST7","10","129","287","179.6","22.3","160.0","-25.0"
"186","10","","Dallas Goedert","PHI","TE21","10","96","297","205.4","40.4","218.0","+32.0"
"187","10","","Marquise Brown","BAL","WR69","8","72","292","198.5","41.7","167.0","-20.0"
"188","10","","Zay Jones","BUF","WR70","6","106","297","197.9","41.5","204.0","+16.0"
"189","10","","Mecole Hardman","KC","WR71","12","110","313","189.0","41.9","159.0","-30.0"
"190","10","","Greg Zuerlein","LAR","K1","9","120","286","180.0","19.4","116.0","-74.0"
"191","10","","Cleveland (CLE)","","DST8","7","140","294","180.8","20.8","171.0","-20.0"
"192","10","","Justin Tucker","BAL","K2","8","136","290","184.5","20.6","123.0","-69.0"
"193","10","","Harrison Butker","KC","K3","12","111","293","185.6","18.1","137.0","-56.0"
"194","10","","New Orleans (NO)","","DST9","9","144","297","184.6","23.0","169.0","-25.0"
"195","10","","Robert Foster","BUF","WR72","6","77","300","184.7","49.2","256.0","+61.0"
"196","10","","Stephen Gostkowski","NE","K4","10","153","292","189.9","22.2","152.0","-44.0"
"197","10","","Nick Foles","JAC","QB27","10","104","330","202.9","31.5","187.0","-10.0"
"198","10","","Jalen Richard","OAK","RB65","6","106","339","200.5","47.5","212.0","+14.0"
"199","10","","Wil Lutz","NO","K5","9","157","296","191.6","20.6","156.0","-43.0"
"200","10","","New England (NE)","","DST10","10","152","302","194.2","23.1","168.0","-32.0"
"201","10","","Marcus Mariota","TEN","QB28","11","99","295","210.7","30.8","242.0","+41.0"
"202","10","","Denver (DEN)","","DST11","10","139","285","186.8","22.3","163.0","-39.0"
"203","10","","Noah Fant","DEN","TE22","10","87","326","221.2","43.5","190.0","-13.0"
"204","10","","Gus Edwards","BAL","RB66","8","106","288","182.6","36.8","231.0","+27.0"
"205","10","","Parris Campbell","IND","WR73","6","191","296","219.6","24.2","205.0","0.0"
"206","10","","Jerick McKinnon","SF","RB67","4","71","390","194.5","55.6","202.0","-4.0"
"207","10","","Buffalo (BUF)","","DST12","6","151","291","191.7","22.8","172.0","-35.0"
"208","10","","Jack Doyle","IND","TE23","6","192","294","231.8","30.3","203.0","-5.0"
"209","10","","Mason Crosby","GB","K6","11","159","309","201.1","24.5","194.0","-15.0"
"210","10","","Ka'imi Fairbairn","HOU","K7","10","156","304","195.5","24.9","165.0","-45.0"
"211","10","","Jake Elliott","PHI","K8","10","160","303","201.4","23.2","188.0","-23.0"
"212","10","","Ted Ginn","NO","WR74","9","129","300","211.2","38.0","255.0","+43.0"
"213","10","","Dallas (DAL)","","DST13","8","128","299","196.4","22.3","176.0","-37.0"
"214","10","","Taylor Gabriel","CHI","WR75","6","138","291","215.2","30.6","316.0","+102.0"
"215","10","","Philadelphia (PHI)","","DST14","10","118","298","209.8","26.1","193.0","-22.0"
"216","10","","Trey Quinn","WAS","WR76","10","128","294","213.6","40.6","261.0","+45.0"
"217","10","","Brett Maher","DAL","K9","8","161","310","207.7","28.7","200.0","-17.0"
"218","10","","Robbie Gould","SF","K10","4","163","308","210.3","30.1","182.0","-36.0"
"219","10","","Andy Isabella","ARI","WR77","12","121","301","220.3","38.3","222.0","+3.0"
"220","10","","Michael Badgley","LAC","K11","12","164","312","212.1","29.7","192.0","-28.0"
"221","10","","Matt Prater","DET","K12","5","162","318","211.0","29.1","191.0","-30.0"
"222","10","","A.J. Brown","TEN","WR78","11","101","285","216.2","32.5","207.0","-15.0"
"223","10","","Frank Gore","BUF","RB68","6","106","294","204.0","37.8","266.0","+43.0"
"224","10","","Randall Cobb","DAL","WR79","8","134","294","221.0","29.3","253.0","+29.0"
"225","10","","Nelson Agholor","PHI","WR80","10","121","292","226.8","32.1","206.0","-19.0"
"226","10","","Rex Burkhead","NE","RB69","10","79","313","207.1","34.4","314.0","+88.0"
"227","10","","Pittsburgh (PIT)","","DST15","7","168","301","226.1","26.4","186.0","-41.0"
"228","10","","Marqise Lee","JAC","WR81","10","125","294","217.4","34.5","209.0","-19.0"
"229","10","","David Moore","SEA","WR82","11","123","271","204.6","34.8","301.0","+72.0"
"230","11","","Joe Flacco","DEN","QB29","10","142","331","231.1","29.1","275.0","+45.0"
"231","11","","Ryquell Armstead","JAC","RB70","10","136","348","214.5","39.9","267.0","+36.0"
"232","11","","Darren Waller","OAK","TE24","6","115","306","197.9","43.8","210.0","-22.0"
"233","11","","Ty Montgomery","NYJ","RB71","4","106","355","201.6","50.2","221.0","-12.0"
"234","11","","Tyler Eifert","CIN","TE25","9","127","315","222.5","45.7","251.0","+17.0"
"235","11","","Tennessee (TEN)","","DST16","11","171","316","229.0","27.8","214.0","-21.0"
"236","11","","Eli Manning","NYG","QB30","11","158","332","241.4","26.1","340.0","+104.0"
"237","11","","Seattle (SEA)","","DST17","11","124","314","220.9","23.7","233.0","-4.0"
"238","11","","Paul Richardson","WAS","WR83","10","139","266","224.3","33.2","312.0","+74.0"
"239","11","","Adam Vinatieri","IND","K13","6","179","322","230.8","31.2","215.0","-24.0"
"240","11","","John Ross","CIN","WR84","9","144","300","222.8","36.4","308.0","+68.0"
"241","11","","D.J. Chark","JAC","WR85","10","105","296","232.4","33.6","284.0","+43.0"
"242","11","","Rashard Higgins","CLE","WR86","7","99","382","213.8","50.4","260.0","+18.0"
"243","11","","Cole Beasley","BUF","WR87","6","132","299","228.0","44.7","277.0","+34.0"
"244","11","","Indianapolis (IND)","","DST18","6","173","311","240.6","36.4","213.0","-31.0"
"245","11","","Ryan Fitzpatrick","MIA","QB31","5","153","368","243.6","27.3","348.0","+103.0"
"246","11","","Jason Myers","SEA","K14","11","157","323","240.7","29.5","220.0","-26.0"
"247","11","","Kansas City (KC)","","DST19","12","169","311","241.1","36.7","198.0","-49.0"
"248","11","","Antonio Callaway","CLE","WR88","7","129","302","233.5","37.5","241.0","-7.0"
"249","11","","Dwayne Haskins","WAS","QB32","10","139","335","246.9","27.1","247.0","-2.0"
"250","11","","Mike Gesicki","MIA","TE26","5","160","297","242.3","36.0","240.0","-10.0"
"251","11","","J.J. Arcega-Whiteside","PHI","WR89","10","130","300","234.3","41.4","211.0","-40.0"
"252","11","","Benny Snell Jr.","PIT","RB72","7","100","443","234.5","43.2","309.0","+57.0"
"253","11","","Josh Rosen","MIA","QB33","5","161","339","251.3","26.6","321.0","+68.0"
"254","11","","Kenneth Dixon","BAL","RB73","8","98","376","228.7","46.1","333.0","+79.0"
"255","11","","Josh Doctson","WAS","WR90","10","162","307","244.1","28.8","285.0","+30.0"
"256","11","","T.J. Yeldon","BUF","RB74","6","146","434","237.4","37.5","258.0","+2.0"
"257","11","","Willie Snead","BAL","WR91","8","151","296","245.0","34.8","299.0","+42.0"
"258","11","","Case Keenum","WAS","QB34","10","160","345","258.9","25.5","341.0","+83.0"
"259","11","","Gerald Everett","LAR","TE27","9","145","297","244.2","36.7","288.0","+29.0"
"260","11","","Elijah McGuire","NYJ","RB75","4","114","384","227.5","39.9","273.0","+13.0"
"261","11","","Miles Boykin","BAL","WR92","8","112","300","211.7","50.7","217.0","-44.0"
"262","11","","Graham Gano","CAR","K15","7","180","319","252.6","28.5","295.0","+33.0"
"263","11","","Josh Reynolds","LAR","WR93","9","158","317","250.5","25.3","289.0","+26.0"
"264","11","","Carolina (CAR)","","DST20","7","174","320","256.0","30.9","268.0","+4.0"
"265","11","","Corey Clement","PHI","RB76","10","197","436","251.3","40.6","323.0","+58.0"
"266","11","","Danny Amendola","DET","WR94","5","156","338","251.3","37.5","319.0","+53.0"
"267","11","","Dexter Williams","GB","RB77","11","139","444","241.1","48.6","283.0","+16.0"
"268","11","","Doug Martin","FA","RB78","","125","307","226.0","31.7","313.0","+45.0"
"269","11","","Phillip Dorsett","NE","WR95","10","170","344","254.9","31.1","364.0","+95.0"
"270","11","","Alfred Blue","JAC","RB79","10","151","349","251.1","37.1","322.0","+52.0"
"271","11","","Keelan Cole","JAC","WR96","10","104","372","259.5","33.5","366.0","+95.0"
"272","11","","Aldrick Rosas","NYG","K16","11","159","321","258.0","25.5","263.0","-9.0"
"273","11","","Chris Conley","JAC","WR97","10","163","296","247.9","34.4","329.0","+56.0"
"274","12","","Daniel Jones","NYG","QB35","11","174","426","265.4","35.7","296.0","+22.0"
"275","12","","Jordan Wilkins","IND","RB80","6","166","412","255.1","36.5","370.0","+95.0"
"276","12","","Terry McLaurin","WAS","WR98","10","102","296","222.3","42.0","390.0","+114.0"
"277","12","","Theo Riddick","DEN","RB81","10","198","463","261.6","42.7","304.0","+27.0"
"278","12","","KeeSean Johnson","ARI","WR99","12","128","293","220.4","40.4","302.0","+24.0"
"279","12","","Jalen Hurd","SF","WR100","4","122","338","236.2","41.6","238.0","-41.0"
"280","12","","Wayne Gallman","NYG","RB82","11","171","357","262.0","29.3","368.0","+88.0"
"281","12","","Josh Adams","PHI","RB83","10","111","328","253.4","34.8","328.0","+47.0"
"282","12","","Jason Witten","DAL","TE28","8","146","333","244.8","37.2","219.0","-63.0"
"283","12","","Brian Hill","ATL","RB84","9","136","330","235.9","43.5","375.0","+92.0"
"284","12","","Equanimeous St. Brown","GB","WR101","11","156","347","261.5","31.8","324.0","+40.0"
"285","12","","Damarea Crockett","HOU","RB85","10","146","300","212.1","43.0","303.0","+18.0"
"286","12","","Dontrell Hilliard","CLE","RB86","7","146","325","236.1","46.6","292.0","+6.0"
"287","12","","Green Bay (GB)","","DST21","11","169","331","252.8","38.4","225.0","-62.0"
"288","12","","Ryan Tannehill","TEN","QB36","11","212","432","279.0","31.3","380.0","+92.0"
"289","12","","Giorgio Tavecchio","ATL","K17","9","186","303","232.4","36.5","196.0","-93.0"
"290","12","","Devontae Booker","DEN","RB87","10","208","431","273.0","37.0","331.0","+41.0"
"291","12","","Breshad Perriman","TB","WR102","7","132","318","249.1","40.0","347.0","+56.0"
"292","12","","Cameron Brate","TB","TE29","7","152","304","256.0","31.1","243.0","-49.0"
"293","12","","Qadree Ollison","ATL","RB88","9","167","351","256.2","37.1","281.0","-12.0"
"294","12","","Chris Hogan","CAR","WR103","7","183","331","265.9","28.4","344.0","+50.0"
"295","12","","Demaryius Thomas","NE","WR104","10","152","364","259.8","38.3","259.0","-36.0"
"296","12","","Bilal Powell","NYJ","RB89","4","162","321","262.6","28.4","346.0","+50.0"
"297","12","","Cameron Artis-Payne","CAR","RB90","7","109","335","266.6","26.4","363.0","+66.0"
"298","12","","Mike Weber","DAL","RB91","8","174","321","262.2","24.6","246.0","-52.0"
"299","12","","Wendell Smallwood","PHI","RB92","10","225","324","272.3","24.8","351.0","+52.0"
"300","12","","John Kelly","LAR","RB93","9","211","342","272.7","27.9","",""
"301","12","","Ian Thomas","CAR","TE30","7","172","297","258.3","33.3","311.0","+10.0"
"302","12","","Jaron Brown","SEA","WR105","11","148","361","227.1","54.2","350.0","+48.0"
"303","12","","Atlanta (ATL)","","DST22","9","176","326","250.0","35.5","262.0","-41.0"
"304","12","","Taywan Taylor","TEN","WR106","11","217","334","270.1","24.9","317.0","+13.0"
"305","12","","Diontae Johnson","PIT","WR107","7","163","343","252.5","36.5","282.0","-23.0"
"306","12","","Hunter Renfrow","OAK","WR108","6","144","325","250.1","38.3","326.0","+20.0"
"307","12","","Dare Ogunbowale","TB","RB94","7","110","382","228.0","51.3","388.0","+81.0"
"308","12","","Travis Benjamin","LAC","WR109","12","141","303","238.4","36.3","325.0","+17.0"
"309","12","","Dan Bailey","MIN","K18","12","184","330","255.7","31.7","226.0","-83.0"
"310","12","","D'Onta Foreman","FA","RB95","","76","418","216.5","62.8","249.0","-61.0"
"311","12","","Bruce Anderson","TB","RB96","7","130","356","253.5","46.4","294.0","-17.0"
"312","12","","Chris Boswell","PIT","K19","7","160","315","254.9","33.7","230.0","-82.0"
"313","12","","Will Dissly","SEA","TE31","11","175","304","246.0","30.4","306.0","-7.0"
"314","12","","Myles Gaskin","MIA","RB97","5","171","379","282.1","27.3","297.0","-17.0"
"315","12","","Preston Williams","MIA","WR110","5","99","294","231.7","36.8","239.0","-76.0"
"316","12","","Spencer Ware","IND","RB98","6","204","310","258.3","25.5","338.0","+22.0"
"317","12","","Michael Crabtree","ARI","WR111","12","144","294","227.0","34.8","369.0","+52.0"
"318","12","","Trayveon Williams","CIN","RB99","9","225","451","286.3","37.2","248.0","-70.0"
"319","12","","Washington (WAS)","","DST23","10","167","333","267.2","45.2","234.0","-85.0"
"320","12","","Ryan Succop","TEN","K20","11","182","334","261.8","29.2","278.0","-42.0"
"321","12","","Jakobi Meyers","NE","WR112","10","121","331","235.9","41.8","250.0","-71.0"
"322","12","","Hayden Hurst","BAL","TE32","8","223","324","263.6","24.6","320.0","-2.0"
"323","12","","Deon Cain","IND","WR113","6","194","341","264.9","40.4","342.0","+19.0"
"324","12","","Rod Smith","NYG","RB100","11","226","323","283.1","17.3","",""
"325","12","","Jake Kumerow","GB","WR114","11","126","386","263.3","42.7","318.0","-7.0"
"326","13","","Demarcus Robinson","KC","WR115","12","194","315","257.7","28.1","293.0","-33.0"
"327","13","","Alfred Morris","DAL","RB101","8","153","482","270.1","58.7","269.0","-58.0"
"328","13","","Taysom Hill","NO","QB37","9","235","464","292.8","44.7","",""
"329","13","","New York (NYJ)","","DST24","4","178","371","257.5","47.8","280.0","-49.0"
"330","13","","Cordarrelle Patterson","CHI","WR116","6","211","339","267.6","25.9","343.0","+13.0"
"331","13","","Brandon McManus","DEN","K21","10","161","336","256.9","37.8","300.0","-31.0"
"332","13","","Ricky Seals-Jones","ARI","TE33","12","163","314","259.7","33.8","335.0","+3.0"
"333","13","","Jordan Scarlett","CAR","RB102","7","153","323","248.7","37.1","",""
"334","13","","Darren Sproles","PHI","RB103","10","208","360","262.7","31.5","",""
"335","13","","Keith Kirkwood","NO","WR117","9","198","327","277.2","30.7","",""
"336","13","","Jordan Thomas","HOU","TE34","10","193","399","269.6","41.8","373.0","+37.0"
"337","13","","Arizona (ARI)","","DST25","12","171","359","270.9","38.9","237.0","-100.0"
"338","13","","Josh Lambo","JAC","K22","10","163","313","260.7","37.6","290.0","-48.0"
"339","13","","Detroit (DET)","","DST26","5","170","335","281.7","27.4","274.0","-65.0"
"340","13","","Trent Taylor","SF","WR118","4","203","362","264.6","43.7","",""
"341","13","","Matt LaCosse","NE","TE35","10","150","382","268.7","40.3","257.0","-84.0"
"342","13","","Ty Johnson","DET","RB104","5","153","446","244.8","58.0","389.0","+47.0"
"343","13","","Zach Zenner","DET","RB105","5","208","429","283.1","40.6","339.0","-4.0"
"344","13","","Jeff Wilson","SF","RB106","4","237","322","274.8","21.0","383.0","+39.0"
"345","13","","Greg Joseph","CLE","K23","7","177","343","269.6","34.4","265.0","-80.0"
"346","13","","Justin Watson","TB","WR119","7","191","372","259.3","38.1","",""
"347","13","","Darrel Williams","KC","RB107","12","144","380","271.9","40.1","365.0","+18.0"
"348","13","","Mark Walton","MIA","RB108","5","197","433","273.7","50.4","406.0","+58.0"
"349","13","","New York (NYG)","","DST27","11","168","350","277.5","46.0","310.0","-39.0"
"350","13","","Mike Boone","MIN","RB109","12","192","393","269.0","43.0","",""
"351","13","","Drew Lock","DEN","QB38","10","229","428","291.1","39.4","358.0","+7.0"
"352","13","","Steven Hauschka","BUF","K24","6","164","337","272.1","34.5","298.0","-54.0"
"353","13","","Rodney Anderson","CIN","RB110","9","212","348","272.1","32.7","244.0","-109.0"
"354","13","","Karan Higdon","HOU","RB111","10","114","312","213.0","52.8","391.0","+37.0"
"355","13","","Irv Smith Jr.","MIN","TE36","12","158","374","277.1","41.1","227.0","-128.0"
"356","13","","Andre Ellington","TB","RB112","7","201","457","270.2","54.8","407.0","+51.0"
"357","13","","Jay Ajayi","FA","RB113","","159","280","223.1","34.6","305.0","-52.0"
"358","13","","Daniel Carlson","OAK","K25","6","165","343","279.5","36.5","286.0","-72.0"
"359","13","","Geoff Swaim","JAC","TE37","10","210","297","270.6","25.6","353.0","-6.0"
"360","13","","Benjamin Watson","NE","TE38","10","236","377","275.7","37.0","372.0","+12.0"
"361","13","","Jonnu Smith","TEN","TE39","11","205","335","275.8","36.6","409.0","+48.0"
"362","13","","San Francisco (SF)","","DST28","4","198","341","278.8","43.6","236.0","-126.0"
"363","13","","Blake Jarwin","DAL","TE40","8","230","345","276.8","29.0","345.0","-18.0"
"364","13","","Vernon Davis","WAS","TE41","10","219","400","296.4","48.4","403.0","+39.0"
"365","13","","Cairo Santos","TB","K26","7","192","340","287.1","23.9","",""
"366","13","","C.J. Uzomah","CIN","TE42","9","222","386","293.9","49.7","359.0","-7.0"
"367","13","","Jesse James","DET","TE43","5","212","360","294.2","39.4","355.0","-12.0"
"368","13","","Jace Sternberger","GB","TE44","11","196","374","302.1","38.4","",""
"369","13","","Chad Beebe","MIN","WR120","12","190","340","270.0","30.8","",""
"370","13","","Cody Latimer","NYG","WR121","11","145","383","288.1","58.2","",""
"371","13","","Bryce Love","WAS","RB114","10","202","324","279.3","25.2","279.0","-92.0"
"372","13","","Ameer Abdullah","MIN","RB115","12","253","328","284.7","18.9","",""
"373","13","","Tampa Bay (TB)","","DST29","7","263","383","317.3","33.2","400.0","+27.0"
"374","13","","Tim Patrick","DEN","WR122","10","189","368","290.0","48.5","361.0","-13.0"
"375","13","","Miami (MIA)","","DST30","5","166","377","307.8","32.8","287.0","-88.0"
"376","13","","Marcus Murphy","BUF","RB116","6","246","295","277.2","11.1","",""
"377","13","","Charles Clay","ARI","TE45","12","267","373","311.4","34.9","",""
"378","13","","Matt Bryant","FA","K27","","186","313","230.6","50.1","",""
"379","13","","Josh Oliver","JAC","TE46","10","155","372","284.6","53.3","408.0","+29.0"
"380","13","","Kelvin Harmon","WAS","WR123","10","204","405","292.2","56.1","252.0","-128.0"
"381","13","","Dawson Knox","BUF","TE47","6","192","371","294.9","50.6","392.0","+11.0"
"382","13","","Blake Bortles","LAR","QB39","9","267","462","312.2","58.5","376.0","-6.0"
"383","13","","Trenton Cannon","NYJ","RB117","4","258","357","296.9","23.5","",""
"384","13","","Maurice Harris","FA","WR124","","215","351","284.4","35.8","",""
"385","14","","Nick Vannett","SEA","TE48","11","225","352","306.3","32.6","374.0","-11.0"
"386","14","","Chris Moore","BAL","WR125","8","231","375","294.0","58.2","245.0","-141.0"
"387","14","","DeAndre Washington","OAK","RB118","6","203","283","248.8","24.6","",""
"388","14","","Tyler Higbee","LAR","TE49","9","243","387","303.4","47.5","",""
"389","14","","Jakeem Grant","MIA","WR126","5","213","358","306.9","42.4","401.0","+12.0"
"390","14","","Jake Butt","DEN","TE50","10","239","394","324.9","37.7","",""
"391","14","","Josh Ferguson","HOU","RB119","10","159","272","220.2","43.0","",""
"392","14","","Dontrelle Inman","LAC","WR127","12","200","433","312.5","53.7","404.0","+12.0"
"393","14","","Ryan Switzer","PIT","WR128","7","193","419","295.9","66.3","405.0","+12.0"
"394","14","","Dustin Hopkins","WAS","K28","10","250","344","299.9","24.7","315.0","-79.0"
"395","14","","Javorius Allen","FA","RB120","","253","316","276.2","21.0","",""
"396","14","","Emmanuel Butler","NO","WR129","9","222","338","277.7","40.1","",""
"397","14","","J.D. McKissic","SEA","RB121","11","232","299","279.5","9.6","",""
"398","14","","Travis Homer","SEA","RB122","11","187","442","283.8","76.2","",""
"399","14","","Tyler Kroft","BUF","TE51","6","193","398","310.4","49.2","410.0","+11.0"
"400","14","","Ryan Grant","OAK","WR130","6","218","369","310.4","44.1","",""
"401","14","","Darius Slayton","NYG","WR131","11","259","375","310.6","32.5","",""
"402","14","","Elijah Holyfield","CAR","RB123","7","176","298","250.8","43.6","272.0","-130.0"
"403","14","","Kendrick Bourne","SF","WR132","4","225","392","293.2","55.6","337.0","-66.0"
"404","14","","Alex Barnes","TEN","RB124","11","205","281","259.2","27.7","",""
"405","14","","Adam Shaheen","CHI","TE52","6","196","391","321.4","36.6","",""
"406","14","","Devine Ozigbo","NO","RB125","9","237","309","271.2","26.8","",""
"407","14","","Kahale Warring","HOU","TE53","10","215","395","303.8","64.5","",""
"408","14","","Kyle Juszczyk","SF","RB126","4","254","287","272.2","13.9","356.0","-52.0"
"409","14","","Zane Gonzalez","ARI","K29","12","263","372","304.8","33.1","",""
"410","14","","Alex Collins","FA","RB127","","158","275","226.3","43.6","327.0","-83.0"
"411","14","","Cody Parkey","FA","K30","","162","303","227.8","57.5","",""
"412","14","","Raheem Mostert","SF","RB128","4","213","486","313.8","89.8","",""
"413","14","","LeGarrette Blount","FA","RB129","","262","318","281.0","19.3","",""
"414","14","","Demetrius Harris","CLE","TE54","7","266","352","313.2","32.6","385.0","-29.0"
"415","14","","Scott Miller","TB","WR133","7","245","406","313.5","59.0","",""
"416","14","","Cameron Meredith","NE","WR134","10","244","434","335.1","60.6","",""
"417","14","","Damion Willis","CIN","WR135","9","194","272","239.5","28.4","",""
"418","14","","Gary Jennings","SEA","WR136","11","269","378","314.5","38.7","399.0","-19.0"
"419","14","","Corey Grant","FA","RB130","","233","328","286.8","31.3","",""
"420","14","","Jazz Ferguson","SEA","WR137","11","233","282","250.5","19.1","",""
"421","14","","Nick Mullens","SF","QB40","4","255","487","332.3","75.6","",""
"422","14","","Oakland (OAK)","","DST31","6","249","355","306.0","42.9","",""
"423","14","","Chester Rogers","IND","WR138","6","221","435","332.5","58.5","349.0","-74.0"
"424","14","","Chandler Catanzaro","FA","K31","","231","338","276.8","40.7","",""
"425","14","","Jordan Akins","HOU","TE55","10","242","390","317.8","58.0","",""
"426","14","","Will Grier","CAR","QB41","7","248","430","318.8","69.0","",""
"427","14","","Jarius Wright","CAR","WR139","7","213","371","323.4","49.5","357.0","-70.0"
"428","14","","Chris Ivory","FA","RB131","","272","319","289.3","17.9","382.0","-46.0"
"429","14","","Buddy Howell","HOU","RB132","10","123","312","232.3","80.0","",""
"430","14","","Austin Seibert","CLE","K32","7","255","331","294.3","34.9","229.0","-201.0"
"431","14","","J.J. Nelson","OAK","WR140","6","243","381","329.4","50.9","",""
"432","14","","Alex Erickson","CIN","WR141","9","271","379","352.3","27.7","",""
"433","14","","Jason Croom","BUF","TE56","6","278","321","296.8","15.7","",""
"434","14","","Dez Bryant","FA","WR142","","228","268","241.7","18.6","",""
"435","14","","Pierre Garcon","FA","WR143","","261","411","299.8","64.2","",""
"436","14","","Eddy Pineiro","CHI","K33","6","245","344","301.5","41.0","330.0","-106.0"
"437","14","","Teddy Bridgewater","NO","QB42","9","246","480","338.4","85.1","",""
"438","14","","Jeff Heuerman","DEN","TE57","10","220","370","335.6","31.8","",""
"439","14","","Laquon Treadwell","MIN","WR144","12","259","389","337.2","49.6","336.0","-103.0"
"440","14","","Randy Bullock","CIN","K34","9","265","345","305.8","29.9","367.0","-73.0"
"441","14","","Greg Dortch","NYJ","WR145","4","241","273","257.0","13.1","",""
"442","14","","Matt Gay","TB","K35","7","192","336","257.3","59.5","332.0","-110.0"
"443","14","","Mo Alie-Cox","IND","TE58","6","280","375","313.3","36.5","",""
"444","14","","Foster Moreau","OAK","TE59","6","230","408","347.4","44.0","",""
"445","14","","Brett Hundley","ARI","QB43","12","248","458","320.5","81.1","",""
"446","14","","Tavon Austin","DAL","WR146","8","257","390","352.8","49.0","",""
"447","14","","J'Mon Moore","GB","WR147","11","293","464","371.3","51.9","",""
"448","14","","Jacob Hollister","SEA","TE60","11","267","409","325.3","56.4","",""
"449","14","","Blake Bell","KC","TE61","12","292","362","325.3","30.3","",""
"450","14","","Dwayne Allen","MIA","TE62","5","226","405","325.5","64.1","",""
"451","14","","Tyrod Taylor","LAC","QB44","12","276","465","326.8","79.9","",""
"452","14","","Dwayne Washington","NO","RB133","9","288","416","329.5","52.1","",""
"453","14","","Cincinnati (CIN)","","DST32","9","268","401","330.8","50.4","307.0","-146.0"
"454","14","","Jeremy Hill","FA","RB134","","251","333","287.7","34.0","",""
"455","14","","C.J. Prosise","SEA","RB135","11","225","381","289.3","66.6","396.0","-59.0"
"456","14","","Darius Jackson","DAL","RB136","8","263","309","290.0","19.6","",""
"457","14","","Jason Sanders","MIA","K36","5","298","362","333.5","26.2","387.0","-70.0"
"458","14","","Riley Ridley","CHI","WR148","6","239","416","359.6","44.2","270.0","-188.0"
"459","14","","Byron Pringle","KC","WR149","12","253","426","335.0","63.0","",""
"460","14","","Seth Roberts","BAL","WR150","8","267","410","362.0","49.5","354.0","-106.0"
"461","14","","Paul Perkins","NYG","RB137","11","274","475","340.0","80.7","",""
"462","14","","Luke Willson","OAK","TE63","6","285","392","362.6","21.0","",""
"463","14","","Mack Hollins","PHI","WR151","10","287","462","366.0","68.9","",""
"464","14","","Braxton Berrios","NE","WR152","10","255","399","342.5","56.1","",""
"465","14","","Isaiah McKenzie","BUF","WR153","6","189","429","342.8","93.7","362.0","-103.0"
"466","14","","Torrey Smith","CAR","WR154","7","294","415","368.6","41.1","",""
"467","14","","Josh Malone","CIN","WR155","9","270","398","313.7","59.6","",""
"468","14","","Kaare Vedvik","MIN","K37","12","199","285","242.0","43.0","291.0","-177.0"
"469","15","","Maxx Williams","ARI","TE64","12","315","404","355.0","38.8","",""
"470","15","","Austin Seferian-Jenkins","FA","TE65","","288","374","321.7","37.5","",""
"471","15","","Rhett Ellison","NYG","TE66","11","290","365","323.3","31.2","",""
"472","15","","Marcell Ateman","OAK","WR156","6","313","413","380.0","37.5","402.0","-70.0"
"473","15","","Josh Hill","NO","TE67","9","341","373","360.0","11.7","",""
"474","15","","Kelvin Benjamin","FA","WR157","","270","417","326.7","64.6","",""
"475","15","","Bennie Fowler","NYG","WR158","11","289","378","328.3","37.1","",""
"476","15","","Trevon Wesco","NYJ","TE68","4","287","356","329.3","30.3","",""
"477","15","","Benny Cunningham","FA","RB138","","253","280","266.5","13.5","",""
"478","15","","Ryan Finley","CIN","QB45","9","251","284","267.5","16.5","",""
"479","15","","Brice Butler","MIA","WR159","5","245","396","336.3","65.6","",""
"480","15","","Allen Hurns","MIA","WR160","5","308","430","387.6","25.4","",""
"481","15","","Trent Sherfield","ARI","WR161","12","272","279","275.5","3.5","",""
"482","15","","Ed Dickson","SEA","TE69","11","287","418","370.0","49.8","",""
"483","15","","Colt McCoy","WAS","QB46","10","270","284","277.0","7.0","",""
"484","15","","Justin Hardy","ATL","WR162","9","279","385","341.3","45.2","",""
"485","15","","Samaje Perine","WAS","RB139","10","253","316","284.5","31.5","",""
"486","15","","Nick Boyle","BAL","TE70","8","240","402","345.0","74.3","",""
"487","15","","Luke Stocker","ATL","TE71","9","235","411","346.3","79.1","",""
"488","15","","Emanuel Hall","TB","WR163","7","269","420","346.3","61.7","276.0","-212.0"
"489","15","","CJ Ham","MIN","RB140","12","291","438","350.3","63.3","",""
"490","15","","James O'Shaughnessy","JAC","TE72","10","326","396","352.7","30.9","",""
"491","15","","Xavier Grimble","PIT","TE73","7","284","394","355.3","50.5","",""
"492","15","","Robert Griffin","BAL","QB47","8","282","435","357.7","62.5","",""
"493","15","","Nick O'Leary","MIA","TE74","5","342","388","358.7","20.8","",""
"494","15","","Dan Arnold","NO","TE75","9","356","410","387.5","19.9","",""
"495","15","","DeAndre Carter","HOU","WR164","10","300","398","362.7","44.4","",""
"496","15","","Kenjon Barner","ATL","RB141","9","299","326","312.5","13.5","",""
"497","15","","Andre Roberts","BUF","WR165","6","305","415","364.3","45.3","",""
"498","15","","Jordan Matthews","SF","WR166","4","351","377","364.7","10.7","352.0","-146.0"
"499","15","","Russell Shepard","NYG","WR167","11","303","407","366.3","45.4","",""
"500","15","","Deontay Burnett","NYJ","WR168","4","298","409","367.3","49.4","",""
"501","15","","Virgil Green","LAC","TE76","12","343","407","369.7","27.2","",""
"502","15","","Josh Bellamy","NYJ","WR169","4","309","404","370.7","43.7","",""
"503","15","","Matt Barkley","BUF","QB48","6","283","467","373.0","75.2","",""
"504","15","","Kevin White","FA","WR170","","295","366","330.5","35.5","",""
"505","15","","Tajae Sharpe","TEN","WR171","11","291","452","375.0","65.9","360.0","-145.0"
"506","15","","AJ McCarron","HOU","QB49","10","292","479","380.7","76.6","",""
"507","15","","T.J. Logan","ARI","RB142","12","289","375","332.0","43.0","",""
"508","15","","D'Ernest Johnson","CLE","RB143","7","214","456","335.0","121.0","",""
"509","15","","Dylan Cantrell","LAC","WR172","12","335","412","379.3","32.5","",""
"510","15","","Noah Brown","DAL","WR173","8","288","388","338.0","50.0","",""
"511","15","","Lil'Jordan Humphrey","NO","WR174","9","280","401","340.5","60.5","",""
"512","15","","Chase Daniel","CHI","QB50","6","292","468","385.7","72.3","",""
"513","15","","Brandon Powell","DET","WR175","5","282","412","347.0","65.0","",""
"514","15","","Eli Rogers","PIT","WR176","7","317","451","386.3","54.8","",""
"515","15","","Zach Pascal","IND","WR177","6","328","369","348.5","20.5","377.0","-138.0"
"516","15","","Russell Gage","ATL","WR178","9","312","457","389.0","59.5","",""
"517","15","","Elijhaa Penny","NYG","RB144","11","279","427","353.0","74.0","",""
"518","15","","Travis Fulgham","DET","WR179","5","316","394","355.0","39.0","",""
"519","15","","Lee Smith","BUF","TE77","6","271","444","357.5","86.5","",""
"520","15","","Damion Ratley","CLE","WR180","7","307","414","360.5","53.5","",""
"521","15","","James Develin","NE","RB145","10","297","425","361.0","64.0","379.0","-142.0"
"522","15","","Zach Line","NO","RB146","9","286","437","361.5","75.5","",""
"523","15","","Gehrig Dieter","KC","WR181","12","325","400","362.5","37.5","",""
"524","15","","Juwann Winfree","DEN","WR182","10","357","448","399.0","37.5","",""
"525","15","","Matt Schaub","ATL","QB51","9","270","483","376.5","106.5","",""
"526","15","","Eric Saubert","NE","TE78","10","338","399","368.5","30.5","",""
"527","15","","Austin Carr","NO","WR183","9","353","385","369.0","16.0","",""
"528","15","","Jordan Taylor","FA","WR184","","369","420","402.0","23.4","",""
"529","15","","Detrez Newsome","LAC","RB147","12","302","450","376.0","74.0","",""
"530","15","","Stephen Anderson","NE","TE79","10","332","421","376.5","44.5","",""
"531","15","","Garrett Celek","SF","TE80","4","359","400","379.5","20.5","",""
"532","15","","Bobo Wilson","TB","WR185","7","345","416","380.5","35.5","",""
"533","15","","Darren Fells","HOU","TE81","10","323","442","382.5","59.5","",""
"534","15","","David Fluellen","TEN","RB148","11","328","439","383.5","55.5","",""
"535","15","","Anthony Sherman","KC","RB149","12","327","449","388.0","61.0","",""
"536","15","","Logan Paulsen","ATL","TE82","9","397","438","417.7","16.7","",""
"537","16","","Chad Williams","ARI","WR186","12","363","439","401.0","38.0","395.0","-142.0"
"538","16","","Cody Core","CIN","WR187","9","355","458","406.5","51.5","",""
"539","16","","Richie James","SF","WR188","4","403","417","410.0","7.0","",""
"540","16","","Andy Janovich","DEN","RB150","10","379","445","412.0","33.0","",""
"541","16","","Taquan Mizzell","CHI","RB151","6","383","441","412.0","29.0","",""
"542","16","","Nate Sudfeld","PHI","QB52","10","361","494","427.5","66.5","",""
"543","16","","Mason Rudolph","PIT","QB53","7","363","490","426.5","63.5","394.0","-149.0"
"544","16","","Logan Thomas","DET","TE83","5","409","424","416.5","7.5","",""
"545","16","","Jeremy Sprinkle","WAS","TE84","10","386","449","417.5","31.5","",""
"546","16","","Quinton Flowers","CIN","QB54","9","373","488","430.5","57.5","",""
"547","16","","Patrick DiMarco","BUF","RB152","6","387","454","420.5","33.5","",""
"548","16","","Anthony Firkser","TEN","TE85","11","403","441","422.0","19.0","",""
"549","16","","Jamize Olawale","DAL","RB153","8","385","478","431.5","46.5","",""
"550","16","","Joshua Perkins","PHI","TE86","10","406","459","432.5","26.5","",""
"551","16","","Jordan Leggett","TB","TE87","7","421","447","434.0","13.0","",""
""
""